benchmark,score_new,score_old
ames,0.8274187863478822,0.8180305077444242
bbb-martins,0.8902829893683551,0.8596192933083178
bioavailability-ma,0.6242101762554041,0.6263717991353509
dili,0.9204347826086957,0.8917391304347825
herg,0.8602356406480118,0.8234167893961708
hia-hou,0.9658436213991769,0.823045267489712
pgp-broccatelli,0.9243535057318049,0.9022927219408159